{
    "loss": 4.4125657081604,
    "accuracy": 0.6078431606292725
}