{
    "loss": 38.432029724121094,
    "accuracy": 0.4313725531101227
}